{"valid/eval_time":0.059819698333740234,"train/log_p_B_from_p_f":-0.6985945105552673,"valid/offline_loss":0,"valid/sampled_reward_avg":0.8973549008369446,"train/reward_loss":0,"train/pB_mle_loss":0.6985945105552673,"train/time_spent":4.530861854553223,"train/offline_loss":0,"valid/log_p_B_from_p_b":-0.6991406679153442,"train/bck_reward":NaN,"valid/invalid_logprob":0,"train/online_loss":2.154653787612915,"train/traj_lens":4,"valid/invalid_bck_trajectories":0,"valid/traj_lens":4,"train/grad_norm_clip":35.728275299072266,"valid/bck_reward":1,"valid/log_p_F":-18.276714324951172,"valid/loss":NaN,"_step":5000,"valid/logZ":13.789019584655762,"train/invalid_trajectories":0,"_wandb":{"runtime":23100},"train/tb_loss":2.154653787612915,"train/sampled_reward_avg":0.8861840963363647,"train/grad_norm":53.09492492675781,"train/log_p_B_from_p_b":NaN,"valid/reward_loss":0,"_timestamp":1.7502138575297122e+09,"train/invalid_logprob":0,"train/logZ":13.827947616577148,"train/pB_reinforce_loss":0,"valid/invalid_trajectories":0,"valid/log_p_B_from_p_f":NaN,"_runtime":23100.63467282,"train/invalid_bck_trajectories":NaN,"valid/pB_mle_loss":0.6991406679153442,"valid/online_loss":NaN,"valid/pB_reinforce_loss":0,"train/train_time":0.1696779727935791,"valid/tb_loss":NaN,"valid/n_loss":0,"final/sampled_reward_avg":0.8866116183996201,"valid_end/unique_murcko_r_gt_0.5":565,"train/log_p_F":-18.469392776489258,"train/loss":2.853248357772827,"train/n_loss":0}